activity_metric,chemical_feature,pearson_correlation,pearson_p_value,spearman_correlation,spearman_p_value,n_samples,correlation_strength,correlation_direction,pearson_corrected_p,spearman_corrected_p
avg_activity_rate_percent,rank,0.3912909127487505,3.2183504607515173e-103,0.5725091556768703,7.276219996375849e-244,2803,weak,positive,,
avg_activity_rate_percent,pathogen_count,,,,,2803,very_weak,negative,,
avg_activity_rate_percent,total_tp_count,-0.11440685031061712,1.2450205164717907e-09,-0.5192480816042481,2.311200177242307e-193,2803,very_weak,negative,,
avg_activity_rate_percent,total_tn_count,-0.15636625343597987,8.353033899676703e-17,-0.9747614914725055,0.0,2803,very_weak,negative,,
avg_activity_rate_percent,total_fp_count,,,,,2803,very_weak,negative,,
avg_activity_rate_percent,total_fn_count,,,,,2803,very_weak,negative,,
avg_activity_rate_percent,overall_avg_attribution,0.30728348395444727,2.3074814656003104e-62,0.41454609300175366,7.459681511254838e-117,2803,weak,positive,,
avg_activity_rate_percent,overall_max_attribution,0.09959278631396803,1.2669353411455436e-07,0.01702127044829656,0.3676804962569713,2803,very_weak,positive,,
avg_activity_rate_percent,SA_tp_count,-0.11685818056775585,5.456616087574606e-10,-0.5502492782078214,1.2072172931552759e-221,2803,very_weak,negative,,
avg_activity_rate_percent,SA_tn_count,-0.14150088875679268,5.228307092899797e-14,-0.7912914326320994,0.0,2803,very_weak,negative,,
avg_activity_rate_percent,SA_total_count,-0.11963274778271216,2.1010733321250062e-10,-0.5847028380323477,8.906021561781641e-257,2803,very_weak,negative,,
avg_activity_rate_percent,EC_tp_count,-0.10639131258506701,1.640016385544823e-08,-0.3989161979748064,1.4332589916769996e-107,2803,very_weak,negative,,
avg_activity_rate_percent,EC_tn_count,-0.17395977808697383,1.7477107169332293e-20,-0.8389236638868157,0.0,2803,very_weak,negative,,
avg_activity_rate_percent,EC_total_count,-0.11806736857325625,3.6096270325386605e-10,-0.5011055675860111,4.007881581023491e-178,2803,very_weak,negative,,
avg_activity_rate_percent,CA_tp_count,-0.11166466998749001,3.0699541605771575e-09,-0.3205744965777999,5.176981854422665e-68,2803,very_weak,negative,,
avg_activity_rate_percent,CA_tn_count,-0.1461197320602795,7.581773629383791e-15,-0.7636667019357576,0.0,2803,very_weak,negative,,
avg_activity_rate_percent,CA_total_count,-0.12062352130093845,1.4863305318974852e-10,-0.4148977186740822,4.551065069848554e-117,2803,very_weak,negative,,
avg_activity_rate_percent,molecular_weight,0.45848401474971245,9.621295843668408e-146,0.60422187513854,1.2613808919620886e-278,2803,weak,positive,,
avg_activity_rate_percent,logp,0.27332503044411166,3.2664437269123127e-49,0.35542320195069477,3.065679571810796e-84,2803,very_weak,positive,,
avg_activity_rate_percent,tpsa,0.30565725945021305,1.0827861917018582e-61,0.39600914576258983,6.741338839267258e-106,2803,weak,positive,,
avg_activity_rate_percent,num_hbd,0.16181796033209558,6.681666168015405e-18,0.17195006533119095,4.822468545137629e-20,2803,very_weak,positive,,
avg_activity_rate_percent,num_hba,0.3722272185465594,7.83445408399311e-93,0.49030496896665854,1.7674693678104476e-169,2803,weak,positive,,
avg_activity_rate_percent,num_rotatable_bonds,0.3474900964047255,2.3227534946392587e-80,0.4761444575863348,1.320425933572152e-158,2803,weak,positive,,
avg_activity_rate_percent,num_atoms,0.4453066649648901,1.2563252515084864e-136,0.5883338573128494,9.949316554323992e-261,2803,weak,positive,,
avg_activity_rate_percent,num_heavy_atoms,0.4453066649648901,1.2563252515084864e-136,0.5883338573128494,9.949316554323992e-261,2803,weak,positive,,
avg_activity_rate_percent,num_rings,0.38476836931089065,1.3787098049198579e-99,0.5279754756864513,4.9842216635011424e-201,2803,weak,positive,,
avg_activity_rate_percent,num_aromatic_rings,0.35351897344369965,2.6788471156907568e-83,0.46222332575677494,2.101688684543787e-148,2803,weak,positive,,
avg_activity_rate_percent,num_aliphatic_rings,0.1219444999374124,9.327993776640468e-11,0.17949957090683566,9.99479475585569e-22,2803,very_weak,positive,,
avg_activity_rate_percent,num_heteroatoms,0.38610413515029207,2.5258042005962097e-100,0.5024167152379501,3.405778046412991e-179,2803,weak,positive,,
avg_activity_rate_percent,formal_charge,0.04663272230150915,0.013543999923855894,0.05938848345754004,0.0016574633777877196,2803,very_weak,positive,,
avg_activity_rate_percent,fraction_csp3,-0.1659455095569216,9.303730942521541e-19,-0.08066596053267078,1.904592917977644e-05,2803,very_weak,negative,,
avg_activity_rate_percent,bertz_complexity,0.41826748437542527,3.875995491237611e-119,0.5764416174541748,5.716313575814877e-248,2803,weak,positive,,
avg_activity_rate_percent,balaban_j,-0.331175905858298,9.954343092600948e-73,-0.44843289428034816,9.388888388247044e-139,2803,weak,negative,,
avg_activity_rate_percent,carbon_count,0.39501206622867463,2.5032860431750993e-105,0.5160702401708996,1.2594340764460922e-190,2803,weak,positive,,
avg_activity_rate_percent,nitrogen_count,0.3624682463469324,8.848395858385699e-88,0.46608672915584565,3.455941081903918e-151,2803,weak,positive,,
avg_activity_rate_percent,oxygen_count,0.022679224141045392,0.23000993397146308,0.023598871987229743,0.21165762733501367,2803,very_weak,positive,,
avg_activity_rate_percent,sulfur_count,0.1394937186704374,1.1866181283522894e-13,0.1648019997052049,1.6147113363131544e-18,2803,very_weak,positive,,
avg_activity_rate_percent,halogen_count,-0.008129407714951721,0.6670404588382224,-0.0452087678718778,0.016681178263653076,2803,very_weak,negative,,
avg_activity_rate_percent,aromatic_carbocycles,0.29224807103909123,2.5656589586169987e-56,0.36294446105396583,5.062372767094288e-88,2803,very_weak,positive,,
avg_activity_rate_percent,aromatic_heterocycles,0.10453133479592758,2.906561020163966e-08,0.14201247297084382,4.2346530808552953e-14,2803,very_weak,positive,,
avg_activity_rate_percent,hydroxyl_groups,-0.042894779107002914,0.02314538759459869,-0.05853232473838665,0.0019340691488503787,2803,very_weak,negative,,
avg_activity_rate_percent,carboxyl_groups,-0.01070695102024957,0.5709686991966979,-0.02842961678818984,0.13237746309053935,2803,very_weak,negative,,
avg_activity_rate_percent,ester_groups,0.016751861089628006,0.37531232439548207,0.011097745660028963,0.5569968549328033,2803,very_weak,positive,,
avg_activity_rate_percent,amide_groups,-0.024705063588934845,0.19101398084815902,-0.03850510399751432,0.041506305827194806,2803,very_weak,negative,,
avg_activity_rate_percent,amine_groups,0.362516680436354,8.360236239849398e-88,0.466278847362405,2.5071897995723027e-151,2803,weak,positive,,
avg_activity_rate_percent,halogen_substituents,-0.008129407714951721,0.6670404588382224,-0.0452087678718778,0.016681178263653076,2803,very_weak,negative,,
avg_activity_rate_percent,lipinski_violations,0.16221552978394282,5.538324464220426e-18,0.21327006720698827,3.407483939356063e-30,2803,very_weak,positive,,
avg_activity_rate_percent,membrane_permeability_score,-0.060726821280160916,0.0012971160420312477,-0.0666405209405498,0.000414736275799342,2803,very_weak,negative,,
avg_activity_rate_percent,flexibility_index,0.2298519286558625,6.311863445726133e-35,0.2992591416357007,4.31294224539726e-59,2803,very_weak,positive,,
avg_activity_rate_percent,heteroatom_ratio,0.005140281194347111,0.7856034135362575,0.04779607149263669,0.011380187789135344,2803,very_weak,positive,,
avg_activity_rate_percent,aromatic_fraction,0.19368102535103104,4.287512147014781e-25,0.17109861876596127,7.386136097698171e-20,2803,very_weak,positive,,
avg_activity_rate_percent,structural_diversity_index,0.34767370441120976,1.8944108310746538e-80,0.4383641076469546,5.528292949038197e-132,2803,weak,positive,,
triple_activity_score,rank,0.04894243407559633,0.009553785469044574,0.04489202712066281,0.0174600908282195,2803,very_weak,positive,,
triple_activity_score,pathogen_count,,,,,2803,very_weak,negative,,
triple_activity_score,total_tp_count,0.013493059939545717,0.47517655192224517,-0.02317716265360013,0.21993745592788566,2803,very_weak,positive,,
triple_activity_score,total_tn_count,-0.016505537159382286,0.3823751239823384,-0.3131984240463286,7.671550931025863e-65,2803,very_weak,negative,,
triple_activity_score,total_fp_count,,,,,2803,very_weak,negative,,
triple_activity_score,total_fn_count,,,,,2803,very_weak,negative,,
triple_activity_score,overall_avg_attribution,0.08055115639644674,1.9574795467518155e-05,0.1216907501035026,1.0205221041586576e-10,2803,very_weak,positive,,
triple_activity_score,overall_max_attribution,-0.015710881442284344,0.40570972356610374,-0.02692214951333604,0.1541653771144114,2803,very_weak,negative,,
triple_activity_score,SA_tp_count,0.010958651261924251,0.5619506906674205,-0.060919183527682004,0.0012517191822845998,2803,very_weak,positive,,
triple_activity_score,SA_tn_count,-0.008375140966841145,0.6576079541792743,-0.24187384254964292,1.3355248351055312e-38,2803,very_weak,negative,,
triple_activity_score,SA_total_count,0.009601539457189188,0.6113672344826878,-0.09669867603014912,2.9083142255816426e-07,2803,very_weak,positive,,
triple_activity_score,EC_tp_count,0.017385699641458592,0.3575119177061794,0.07184012007816669,0.00014084456673303775,2803,very_weak,positive,,
triple_activity_score,EC_tn_count,-0.025881271251375026,0.17073064613409253,-0.2753763072086553,5.895899118229722e-50,2803,very_weak,negative,,
triple_activity_score,EC_total_count,0.011386480382706447,0.5467819805066588,-0.051189844273581864,0.006713506192679337,2803,very_weak,positive,,
triple_activity_score,CA_tp_count,0.01437082677017642,0.44693196182853695,0.05701604686842373,0.0025299880819196967,2803,very_weak,positive,,
triple_activity_score,CA_tn_count,-0.013386876902231608,0.4786584422853556,-0.25188227101799615,8.079160940479481e-42,2803,very_weak,negative,,
triple_activity_score,CA_total_count,0.0092550111339779,0.6242871973801156,-0.03683020411356589,0.05121108864545781,2803,very_weak,positive,,
triple_activity_score,molecular_weight,0.13286269977400952,1.636615301441944e-12,0.17181555901477907,5.159188233256846e-20,2803,very_weak,positive,,
triple_activity_score,logp,0.07280148342028761,0.00011443278417696184,0.10106722664354295,8.222034624536184e-08,2803,very_weak,positive,,
triple_activity_score,tpsa,0.09812451087606429,1.9369377019311936e-07,0.12021846070663578,1.7128569077648472e-10,2803,very_weak,positive,,
triple_activity_score,num_hbd,0.05903633870933442,0.0017665054098593644,0.06474654194315181,0.0006036477724129034,2803,very_weak,positive,,
triple_activity_score,num_hba,0.10200874766003068,6.218524097014524e-08,0.1337661936635569,1.1532913875093464e-12,2803,very_weak,positive,,
triple_activity_score,num_rotatable_bonds,0.10154929681882095,7.128717240308994e-08,0.13239392674345082,1.9606918445190936e-12,2803,very_weak,positive,,
triple_activity_score,num_atoms,0.12649398888961447,1.8042814522240013e-11,0.16600755590645183,9.028518417025699e-19,2803,very_weak,positive,,
triple_activity_score,num_heavy_atoms,0.12649398888961447,1.8042814522240013e-11,0.16600755590645183,9.028518417025699e-19,2803,very_weak,positive,,
triple_activity_score,num_rings,0.09773584088184276,2.1651085942757537e-07,0.14018846567219614,8.947145748524407e-14,2803,very_weak,positive,,
triple_activity_score,num_aromatic_rings,0.10627431041027072,1.7006189071795973e-08,0.13878501615877184,1.5804081081868527e-13,2803,very_weak,positive,,
triple_activity_score,num_aliphatic_rings,0.004338202405118636,0.818419959255734,0.013188019765907168,0.4852165492780127,2803,very_weak,positive,,
triple_activity_score,num_heteroatoms,0.11620253780052994,6.815100262228557e-10,0.14629765223901336,7.029478627060551e-15,2803,very_weak,positive,,
triple_activity_score,formal_charge,0.022867566254823467,0.22616219988155006,0.02352069454451809,0.21317531008645949,2803,very_weak,positive,,
triple_activity_score,fraction_csp3,-0.04041147198749863,0.032400135322953924,-0.0633813226546866,0.0007865079971173638,2803,very_weak,negative,,
triple_activity_score,bertz_complexity,0.12055912208412713,1.5202798172282822e-10,0.17135023364359164,6.513323787788611e-20,2803,very_weak,positive,,
triple_activity_score,balaban_j,-0.08796433404342582,3.099800693091297e-06,-0.138240709179214,1.9675448983941173e-13,2803,very_weak,negative,,
triple_activity_score,carbon_count,0.11038816436439539,4.639016721254402e-09,0.1412250243240531,5.855800343410494e-14,2803,very_weak,positive,,
triple_activity_score,nitrogen_count,0.10434828800944061,3.073331013394874e-08,0.1281530002340108,9.765236985423492e-12,2803,very_weak,positive,,
triple_activity_score,oxygen_count,0.003196644446132128,0.8656660249925243,0.0009092740994626866,0.9616217475285322,2803,very_weak,positive,,
triple_activity_score,sulfur_count,0.047662891886643945,0.011611288199101474,0.06981376890913826,0.00021641558170896907,2803,very_weak,positive,,
triple_activity_score,halogen_count,0.018572220896561492,0.32564579210389966,0.005174872837068524,0.7841961965993596,2803,very_weak,positive,,
triple_activity_score,aromatic_carbocycles,0.09372677834119708,6.662794344622261e-07,0.1284541763926997,8.727910709062462e-12,2803,very_weak,positive,,
triple_activity_score,aromatic_heterocycles,0.030362727258439724,0.10801960651343098,0.025230065693996537,0.1817515652335516,2803,very_weak,positive,,
triple_activity_score,hydroxyl_groups,0.0095105536422129,0.6147480855936244,0.008692314261637767,0.6455134959982428,2803,very_weak,positive,,
triple_activity_score,carboxyl_groups,0.012405637453754594,0.5114841320022818,0.01754141310857775,0.35322156723188414,2803,very_weak,positive,,
triple_activity_score,ester_groups,0.013046919554327397,0.48989922300286437,0.01844817781834924,0.32888804852804665,2803,very_weak,positive,,
triple_activity_score,amide_groups,-0.0010013693563532058,0.9577380983630599,-0.029077088589897673,0.12378533055245089,2803,very_weak,negative,,
triple_activity_score,amine_groups,0.10429683095414918,3.121859296352259e-08,0.12805987661217988,1.0109744964575e-11,2803,very_weak,positive,,
triple_activity_score,halogen_substituents,0.018572220896561492,0.32564579210389966,0.005174872837068524,0.7841961965993596,2803,very_weak,positive,,
triple_activity_score,lipinski_violations,0.04233025433290995,0.0250188853612009,0.06263451560024079,0.000907096595708683,2803,very_weak,positive,,
triple_activity_score,membrane_permeability_score,-0.0283563105026602,0.13337866449148994,-0.02645600085656421,0.16142647693947915,2803,very_weak,negative,,
triple_activity_score,flexibility_index,0.07029811649951245,0.00019549539659816282,0.07966185141966643,2.4171805640612104e-05,2803,very_weak,positive,,
triple_activity_score,heteroatom_ratio,0.016138355286324364,0.3930532624812555,0.02569334399514986,0.1738584530668824,2803,very_weak,positive,,
triple_activity_score,aromatic_fraction,0.08290095840526147,1.1094414341128884e-05,0.07018893542603863,0.00020003832435275186,2803,very_weak,positive,,
triple_activity_score,structural_diversity_index,0.1009866332819388,8.41998986995049e-08,0.11192264233919953,2.8226299136392643e-09,2803,very_weak,positive,,
broad_spectrum_index,rank,0.33346451634604646,9.015731425739858e-74,0.5387265049018795,8.708988391940585e-211,2803,weak,positive,,
broad_spectrum_index,pathogen_count,,,,,2803,very_weak,negative,,
broad_spectrum_index,total_tp_count,-0.054483785198402725,0.003909022371545415,-0.480130063815936,1.293849540140357e-161,2803,very_weak,negative,,
broad_spectrum_index,total_tn_count,-0.07766089607838678,3.8548331038477125e-05,-0.9488673586511375,0.0,2803,very_weak,negative,,
broad_spectrum_index,total_fp_count,,,,,2803,very_weak,negative,,
broad_spectrum_index,total_fn_count,,,,,2803,very_weak,negative,,
broad_spectrum_index,overall_avg_attribution,0.2869754191360714,2.7840917915733743e-54,0.40518815695954624,3.0944451783399734e-111,2803,very_weak,positive,,
broad_spectrum_index,overall_max_attribution,0.10983415636540653,5.541351454745464e-09,0.025818098353117176,0.17177734223347726,2803,very_weak,positive,,
broad_spectrum_index,SA_tp_count,-0.05964143842418574,0.0015829936952615196,-0.510621837291956,5.303832595922432e-186,2803,very_weak,negative,,
broad_spectrum_index,SA_tn_count,-0.06306623040709039,0.0008354488976198857,-0.730986871785395,0.0,2803,very_weak,negative,,
broad_spectrum_index,SA_total_count,-0.060373648902096566,0.0013844393954655712,-0.5449389502693761,1.3753173952756291e-216,2803,very_weak,negative,,
broad_spectrum_index,EC_tp_count,-0.04973701794887006,0.008445992199368566,-0.358939418013908,5.3835563729941794e-86,2803,very_weak,negative,,
broad_spectrum_index,EC_tn_count,-0.09434660806049616,5.616330554021105e-07,-0.7886116194465926,0.0,2803,very_weak,negative,,
broad_spectrum_index,EC_total_count,-0.057091443909155645,0.002496780643970024,-0.4613110400649587,9.435319368239559e-148,2803,very_weak,negative,,
broad_spectrum_index,CA_tp_count,-0.03978827981101087,0.0351678905454591,-0.27802155776187015,6.342211020128554e-51,2803,very_weak,negative,,
broad_spectrum_index,CA_tn_count,-0.07077591270395614,0.00017673091244340615,-0.7036905474691819,0.0,2803,very_weak,negative,,
broad_spectrum_index,CA_total_count,-0.046624041162112315,0.013561426984352065,-0.3715516513213452,1.7760853784237928e-92,2803,very_weak,negative,,
broad_spectrum_index,molecular_weight,0.40942464904692216,9.322110273912355e-114,0.5827437913372382,1.1512500017218332e-254,2803,weak,positive,,
broad_spectrum_index,logp,0.25962379787971324,2.0761563679302748e-44,0.3471971573719712,3.214582644770504e-80,2803,very_weak,positive,,
broad_spectrum_index,tpsa,0.2639036084906945,7.033598598770973e-46,0.38027680112265627,3.9159294260497686e-97,2803,very_weak,positive,,
broad_spectrum_index,num_hbd,0.13610887701843757,4.602515804563958e-13,0.1620988523606732,5.8522106956998844e-18,2803,very_weak,positive,,
broad_spectrum_index,num_hba,0.32546876165658845,3.633396522354462e-70,0.4720146959450769,1.5724973567218493e-155,2803,weak,positive,,
broad_spectrum_index,num_rotatable_bonds,0.30845427336054865,7.535552287914323e-63,0.45393941295948315,1.487794647552889e-142,2803,weak,positive,,
broad_spectrum_index,num_atoms,0.39852535269044576,2.4107585456936736e-107,0.5673880418232667,1.3327385691489942e-238,2803,weak,positive,,
broad_spectrum_index,num_heavy_atoms,0.39852535269044576,2.4107585456936736e-107,0.5673880418232667,1.3327385691489942e-238,2803,weak,positive,,
broad_spectrum_index,num_rings,0.35191354801279345,1.6467158164004734e-82,0.5131829200205013,3.641677869992029e-188,2803,weak,positive,,
broad_spectrum_index,num_aromatic_rings,0.33283973304985903,1.740304943622549e-73,0.4539951675718973,1.3605293051638907e-142,2803,weak,positive,,
broad_spectrum_index,num_aliphatic_rings,0.09616141174437223,3.384679757057255e-07,0.16693034847320648,5.768640152817351e-19,2803,very_weak,positive,,
broad_spectrum_index,num_heteroatoms,0.337291343837959,1.552253468706752e-75,0.4836029510217585,2.8669282467118285e-164,2803,weak,positive,,
broad_spectrum_index,formal_charge,0.03143039719722451,0.09617243557112612,0.05393105013847585,0.004288849605300451,2803,very_weak,positive,,
broad_spectrum_index,fraction_csp3,-0.1741248391613906,1.6070496591499724e-20,-0.08965762897026312,1.991978473538946e-06,2803,very_weak,negative,,
broad_spectrum_index,bertz_complexity,0.3820613899021464,4.194485277145313e-98,0.5587372436272319,6.4223162642913995e-230,2803,weak,positive,,
broad_spectrum_index,balaban_j,-0.29959451014088534,3.163047224788757e-59,-0.43595044781767306,2.146718970424889e-130,2803,very_weak,negative,,
broad_spectrum_index,carbon_count,0.35581448613965694,1.960099910929252e-84,0.4977511491281373,2.094118004631389e-175,2803,weak,positive,,
broad_spectrum_index,nitrogen_count,0.3292923321168151,7.075460429889938e-72,0.45277208357561305,9.637661617757679e-142,2803,weak,positive,,
broad_spectrum_index,oxygen_count,-0.006440499884605655,0.7332291668431803,0.012329693127320187,0.5140728103260992,2803,very_weak,negative,,
broad_spectrum_index,sulfur_count,0.1282442200056083,9.438927824581745e-12,0.1627561253719312,4.287655815619201e-18,2803,very_weak,positive,,
broad_spectrum_index,halogen_count,-0.011980159009849087,0.5260744381540011,-0.04389893593791362,0.02011257067540818,2803,very_weak,negative,,
broad_spectrum_index,aromatic_carbocycles,0.26871976002508535,1.4456423237706168e-47,0.3525969700902239,7.611078318165459e-83,2803,very_weak,positive,,
broad_spectrum_index,aromatic_heterocycles,0.09584575817191565,3.698775981603372e-07,0.1419611159292126,4.3253648390508386e-14,2803,very_weak,positive,,
broad_spectrum_index,hydroxyl_groups,-0.052629502602732706,0.005318670238973153,-0.06280303590121676,0.0008784772514409658,2803,very_weak,negative,,
broad_spectrum_index,carboxyl_groups,-0.017847507137895416,0.3448831164810121,-0.028436126229985568,0.1322888405546492,2803,very_weak,negative,,
broad_spectrum_index,ester_groups,0.02123635218037429,0.2610345731534526,0.013271945331005687,0.48244285384760777,2803,very_weak,positive,,
broad_spectrum_index,amide_groups,-0.035907370098291896,0.05732532696412287,-0.046177954065231765,0.01448400418821471,2803,very_weak,negative,,
broad_spectrum_index,amine_groups,0.32926434403583765,7.283924554921852e-72,0.45290038180276104,7.851348323097189e-142,2803,weak,positive,,
broad_spectrum_index,halogen_substituents,-0.011980159009849087,0.5260744381540011,-0.04389893593791362,0.02011257067540818,2803,very_weak,negative,,
broad_spectrum_index,lipinski_violations,0.15782315232781619,4.2901098670032816e-17,0.21151410544875582,1.0258499177474828e-29,2803,very_weak,positive,,
broad_spectrum_index,membrane_permeability_score,-0.038415649120017485,0.04198213017833573,-0.06005604333073841,0.0014675636402115327,2803,very_weak,negative,,
broad_spectrum_index,flexibility_index,0.18190113777948586,2.8080349980163693e-22,0.2758476708689481,3.9699794207807014e-50,2803,very_weak,positive,,
broad_spectrum_index,heteroatom_ratio,-0.0014594621762896373,0.9384370633369303,0.04464301015896999,0.01809465883595179,2803,very_weak,negative,,
broad_spectrum_index,aromatic_fraction,0.1896256751401593,4.195065236294356e-24,0.1710977388747109,7.389382466509401e-20,2803,very_weak,positive,,
broad_spectrum_index,structural_diversity_index,0.29358590085038494,7.687663078321893e-57,0.41870537381195966,2.0781902348820505e-119,2803,very_weak,positive,,
total_compounds_all_pathogens,rank,-0.16122554607191159,8.829886855395767e-18,-0.8776400591100447,0.0,2803,very_weak,negative,,
total_compounds_all_pathogens,pathogen_count,,,,,2803,very_weak,negative,,
total_compounds_all_pathogens,total_tp_count,0.998593375836946,0.0,0.9961408890298991,0.0,2803,strong,positive,,
total_compounds_all_pathogens,total_tn_count,0.9113127758991747,0.0,0.6524176179057859,0.0,2803,strong,positive,,
total_compounds_all_pathogens,total_fp_count,,,,,2803,very_weak,negative,,
total_compounds_all_pathogens,total_fn_count,,,,,2803,very_weak,negative,,
total_compounds_all_pathogens,overall_avg_attribution,-0.10506914259862593,2.4657705182633277e-08,-0.23705751906574404,4.19405744212862e-37,2803,very_weak,negative,,
total_compounds_all_pathogens,overall_max_attribution,-0.05688235116433829,0.002589866622600924,0.11757949994535394,4.266653902596679e-10,2803,very_weak,negative,,
total_compounds_all_pathogens,SA_tp_count,0.9971291528216844,0.0,0.9612035853011508,0.0,2803,strong,positive,,
total_compounds_all_pathogens,SA_tn_count,0.9010724262279974,0.0,0.5960392732213735,2.774511279915789e-269,2803,strong,positive,,
total_compounds_all_pathogens,SA_total_count,0.9979150231988824,0.0,0.9637040249888293,0.0,2803,strong,positive,,
total_compounds_all_pathogens,EC_tp_count,0.9819607186251635,0.0,0.9128976236706288,0.0,2803,strong,positive,,
total_compounds_all_pathogens,EC_tn_count,0.9216533286156021,0.0,0.6173650959067358,3.258054853492168e-294,2803,strong,positive,,
total_compounds_all_pathogens,EC_total_count,0.9901460393691048,0.0,0.9454971853404356,0.0,2803,strong,positive,,
total_compounds_all_pathogens,CA_tp_count,0.9563591476339328,0.0,0.8124583230917173,0.0,2803,strong,positive,,
total_compounds_all_pathogens,CA_tn_count,0.8818334934496841,0.0,0.5666751398180808,7.080445239816773e-238,2803,strong,positive,,
total_compounds_all_pathogens,CA_total_count,0.9611114727889479,0.0,0.8495698265528782,0.0,2803,strong,positive,,
total_compounds_all_pathogens,molecular_weight,-0.16280332109073695,4.192734526802654e-18,-0.5110822180498055,2.1730901605689966e-186,2803,very_weak,negative,,
total_compounds_all_pathogens,logp,-0.11220303580743662,2.5758021300859953e-09,-0.30186386059846326,3.8381544084256253e-60,2803,very_weak,negative,,
total_compounds_all_pathogens,tpsa,-0.08140546497153395,1.5951627982186363e-05,-0.3133820546283613,6.412561956014531e-65,2803,very_weak,negative,,
total_compounds_all_pathogens,num_hbd,-0.05131680139616479,0.006578454364094244,-0.1356127531011713,5.598360876903968e-13,2803,very_weak,negative,,
total_compounds_all_pathogens,num_hba,-0.12089620221582117,1.3506049493154096e-10,-0.3996919065029103,5.095908427065807e-108,2803,very_weak,negative,,
total_compounds_all_pathogens,num_rotatable_bonds,-0.10963549415846635,5.9047732497854015e-09,-0.41066952076653873,1.6662642449627577e-114,2803,very_weak,negative,,
total_compounds_all_pathogens,num_atoms,-0.15792555558137078,4.0928446887239155e-17,-0.4956310885435034,1.055136994879025e-173,2803,very_weak,negative,,
total_compounds_all_pathogens,num_heavy_atoms,-0.15792555558137078,4.0928446887239155e-17,-0.4956310885435034,1.055136994879025e-173,2803,very_weak,negative,,
total_compounds_all_pathogens,num_rings,-0.13399000690101565,1.0571207941117561e-12,-0.42153148616739766,3.638404083290245e-121,2803,very_weak,negative,,
total_compounds_all_pathogens,num_aromatic_rings,-0.10903443081485092,7.15113781933646e-09,-0.3597963338025683,1.9947117367208274e-86,2803,very_weak,negative,,
total_compounds_all_pathogens,num_aliphatic_rings,-0.06521801330353622,0.0005502937082107053,-0.1483837625875048,2.8758235895091704e-15,2803,very_weak,negative,,
total_compounds_all_pathogens,num_heteroatoms,-0.11687079149121607,5.43326781821821e-10,-0.41666381747882875,3.7698259618596775e-118,2803,very_weak,negative,,
total_compounds_all_pathogens,formal_charge,-0.01773096392244582,0.34804301669438215,-0.01484911862581281,0.43195244997345605,2803,very_weak,negative,,
total_compounds_all_pathogens,fraction_csp3,0.012261153501616174,0.5164149219544094,0.0810899972897808,1.720802641892686e-05,2803,very_weak,positive,,
total_compounds_all_pathogens,bertz_complexity,-0.12788357646575838,1.0794856163856052e-11,-0.47603591242243276,1.5925790126912358e-158,2803,very_weak,negative,,
total_compounds_all_pathogens,balaban_j,-0.031198776871330366,0.09865009101243473,0.32099092004497587,3.4070715389140466e-68,2803,very_weak,negative,,
total_compounds_all_pathogens,carbon_count,-0.14568057558563066,9.134290622607544e-15,-0.436120670029395,1.6600482696905333e-130,2803,very_weak,negative,,
total_compounds_all_pathogens,nitrogen_count,-0.1040602329425245,3.354719202694185e-08,-0.3212772208928418,2.5544305163603974e-68,2803,very_weak,negative,,
total_compounds_all_pathogens,oxygen_count,-0.019123781369940557,0.3114814942723945,-0.1583196106408238,3.413751020455367e-17,2803,very_weak,negative,,
total_compounds_all_pathogens,sulfur_count,-0.0410433291288753,0.029786464285325578,-0.09844463568192345,1.7666202324879208e-07,2803,very_weak,negative,,
total_compounds_all_pathogens,halogen_count,0.0026393028495187406,0.8889195510178051,-0.024344239349864058,0.1975782219298268,2803,very_weak,positive,,
total_compounds_all_pathogens,aromatic_carbocycles,-0.09781331964212173,2.117645596884823e-07,-0.31198959399286136,2.4888486139571452e-64,2803,very_weak,negative,,
total_compounds_all_pathogens,aromatic_heterocycles,-0.026547576327162065,0.1599800193735798,-0.10120856569853379,7.885698516939321e-08,2803,very_weak,negative,,
total_compounds_all_pathogens,hydroxyl_groups,0.00039880931907520633,0.9831619835533597,0.01806063815463892,0.33915184849543745,2803,very_weak,positive,,
total_compounds_all_pathogens,carboxyl_groups,0.024642679729330673,0.19213727089950924,0.03541750526688936,0.060810093796231264,2803,very_weak,positive,,
total_compounds_all_pathogens,ester_groups,-0.007924919367629919,0.6749301485919066,0.0006291102726903268,0.9734414444116277,2803,very_weak,negative,,
total_compounds_all_pathogens,amide_groups,-0.014531887347401273,0.44185504180905155,-0.0822502525093857,1.3003168559464232e-05,2803,very_weak,negative,,
total_compounds_all_pathogens,amine_groups,-0.10506229642136947,2.4709509698107915e-08,-0.32163444728502066,1.7824922363367157e-68,2803,very_weak,negative,,
total_compounds_all_pathogens,halogen_substituents,0.0026393028495187406,0.8889195510178051,-0.024344239349864058,0.1975782219298268,2803,very_weak,positive,,
total_compounds_all_pathogens,lipinski_violations,-0.03788802372911445,0.04488347026019256,-0.21475705893291364,1.329713106710893e-30,2803,very_weak,negative,,
total_compounds_all_pathogens,membrane_permeability_score,-0.007195497398404931,0.7033599263457604,0.034037990493686936,0.07157623894719051,2803,very_weak,negative,,
total_compounds_all_pathogens,flexibility_index,-0.10744548953841927,1.1806084078533735e-08,-0.26638579996042167,9.594246328277548e-47,2803,very_weak,negative,,
total_compounds_all_pathogens,heteroatom_ratio,0.119774138187498,2.000153581712373e-10,-0.018983059719818757,0.31505610816786783,2803,very_weak,positive,,
total_compounds_all_pathogens,aromatic_fraction,-0.08561231474839416,5.654376788357223e-06,-0.163441512305945,3.0955791651632405e-18,2803,very_weak,negative,,
total_compounds_all_pathogens,structural_diversity_index,-0.14085532457194844,6.81402299751205e-14,-0.3617515466505741,2.0467403103616907e-87,2803,very_weak,negative,,
SA_activity_rate,rank,0.2120693729147775,7.24748845075494e-30,0.5091616902226008,8.906320193153899e-185,2803,very_weak,positive,,
SA_activity_rate,pathogen_count,,,,,2803,very_weak,negative,,
SA_activity_rate,total_tp_count,-0.05423588402889943,0.00407542907335603,-0.4884728581817506,4.821246567834728e-168,2803,very_weak,negative,,
SA_activity_rate,total_tn_count,-0.09058939682287247,1.5564505767916977e-06,-0.8134924973772852,0.0,2803,very_weak,negative,,
SA_activity_rate,total_fp_count,,,,,2803,very_weak,negative,,
SA_activity_rate,total_fn_count,,,,,2803,very_weak,negative,,
SA_activity_rate,overall_avg_attribution,0.18532737060122548,4.451205486926415e-23,0.32276665566228124,5.67995463929013e-69,2803,very_weak,positive,,
SA_activity_rate,overall_max_attribution,0.06227195924842685,0.0009716198548303117,-0.014180380199242107,0.452977755111864,2803,very_weak,positive,,
SA_activity_rate,SA_tp_count,-0.0512388317502886,0.006661102924820954,-0.5022976117369393,4.262562230709153e-179,2803,very_weak,negative,,
SA_activity_rate,SA_tn_count,-0.10038806529752829,1.0041573779151375e-07,-0.9781621511844988,0.0,2803,very_weak,negative,,
SA_activity_rate,SA_total_count,-0.05532048848803932,0.003391910408154769,-0.5494644497637481,6.836872635912153e-221,2803,very_weak,negative,,
SA_activity_rate,EC_tp_count,-0.05030338589118673,0.0077279781371745754,-0.40543836680509904,2.20140825879893e-111,2803,very_weak,negative,,
SA_activity_rate,EC_tn_count,-0.09051686721636941,1.5867680109230813e-06,-0.6671836405612798,0.0,2803,very_weak,negative,,
SA_activity_rate,EC_total_count,-0.057027530783764026,0.002524904244164915,-0.4684906869342152,6.138904152322348e-153,2803,very_weak,negative,,
SA_activity_rate,CA_tp_count,-0.0690722666861846,0.0002525516813064009,-0.3448571405337452,4.2560075155531385e-79,2803,very_weak,negative,,
SA_activity_rate,CA_tn_count,-0.07519094766107329,6.755752057523017e-05,-0.5680220588971362,3.0074281768263437e-239,2803,very_weak,negative,,
SA_activity_rate,CA_total_count,-0.07165515296021163,0.00014654402976228365,-0.39532442868706813,1.6604556665114112e-105,2803,very_weak,negative,,
SA_activity_rate,molecular_weight,0.2733309389661044,3.2504442793601962e-49,0.48525015632218516,1.540414432847706e-165,2803,very_weak,positive,,
SA_activity_rate,logp,0.17533905620680115,8.646956289397657e-21,0.28071073177520517,6.4099020116453175e-52,2803,very_weak,positive,,
SA_activity_rate,tpsa,0.17324102251799983,2.5161066490319587e-20,0.3295975389189728,5.15406693016938e-72,2803,very_weak,positive,,
SA_activity_rate,num_hbd,0.07427129151551301,8.290103953646351e-05,0.1263489626483642,1.9030389994615917e-11,2803,very_weak,positive,,
SA_activity_rate,num_hba,0.21019039943498252,2.3393042923760666e-29,0.39804695490434827,4.551522026154523e-107,2803,very_weak,positive,,
SA_activity_rate,num_rotatable_bonds,0.19834008102981918,2.9293621747510753e-26,0.3920564005317983,1.1911820122223342e-103,2803,very_weak,positive,,
SA_activity_rate,num_atoms,0.2682568071560707,2.1074219708918549e-47,0.47337179836511656,1.5504833047805915e-156,2803,very_weak,positive,,
SA_activity_rate,num_heavy_atoms,0.2682568071560707,2.1074219708918549e-47,0.47337179836511656,1.5504833047805915e-156,2803,very_weak,positive,,
SA_activity_rate,num_rings,0.2421790867014882,1.0706571809838513e-38,0.419641203703793,5.467845726142582e-120,2803,very_weak,positive,,
SA_activity_rate,num_aromatic_rings,0.22850687222799992,1.5792285457553027e-34,0.3719619365179044,1.0806631063413724e-92,2803,very_weak,positive,,
SA_activity_rate,num_aliphatic_rings,0.06705893216485266,0.0003812389810429776,0.1423653049363204,3.6600557440820564e-14,2803,very_weak,positive,,
SA_activity_rate,num_heteroatoms,0.2250188163517549,1.6571791355699272e-33,0.4165009184702483,4.746508963532588e-118,2803,very_weak,positive,,
SA_activity_rate,formal_charge,0.055793135345866426,0.0031281044078308945,0.06486465137250597,0.0005898478083688297,2803,very_weak,positive,,
SA_activity_rate,fraction_csp3,-0.121347610446273,1.1520723530121493e-10,-0.06647882167450331,0.0004284025830954684,2803,very_weak,negative,,
SA_activity_rate,bertz_complexity,0.2677572749435433,3.162374503026006e-47,0.46935082903510866,1.4399795984027548e-153,2803,very_weak,positive,,
SA_activity_rate,balaban_j,-0.20213015891766947,3.1401489875191854e-27,-0.33859802818982143,3.827036032575778e-76,2803,very_weak,negative,,
SA_activity_rate,carbon_count,0.2400702037849893,4.899623777789337e-38,0.41372000561096045,2.3762695446499848e-116,2803,very_weak,positive,,
SA_activity_rate,nitrogen_count,0.2173180130366305,2.5865118613024495e-31,0.3783939330547755,4.07248117093367e-96,2803,very_weak,positive,,
SA_activity_rate,oxygen_count,-0.0007252584229322442,0.9693843081191655,0.03572181286749376,0.05862528749710401,2803,very_weak,negative,,
SA_activity_rate,sulfur_count,0.07617317723030007,5.415484677993052e-05,0.12459808110171465,3.603940371676803e-11,2803,very_weak,positive,,
SA_activity_rate,halogen_count,0.006645476857013021,0.7250776136977112,-0.032863526383116674,0.08192936859161883,2803,very_weak,positive,,
SA_activity_rate,aromatic_carbocycles,0.18148273734549164,3.507633732345526e-22,0.2860026659605231,6.538294085056284e-54,2803,very_weak,positive,,
SA_activity_rate,aromatic_heterocycles,0.09507016882938475,4.5945472220532336e-07,0.13268528759606593,1.752565461819914e-12,2803,very_weak,positive,,
SA_activity_rate,hydroxyl_groups,-0.05948100958307796,0.0016298578968902736,-0.04377925744371704,0.020454827579446562,2803,very_weak,negative,,
SA_activity_rate,carboxyl_groups,0.01299272034729915,0.49170436408677587,-0.02573570963939664,0.17314962280027585,2803,very_weak,positive,,
SA_activity_rate,ester_groups,0.013030498951765767,0.4904457456391675,0.013440620411060178,0.47689437884295294,2803,very_weak,positive,,
SA_activity_rate,amide_groups,-0.028948782632578357,0.12545249541918996,-0.0037579469738548955,0.8423641867933336,2803,very_weak,negative,,
SA_activity_rate,amine_groups,0.21734370933909736,2.5440969631060565e-31,0.3786723942317268,2.883185115093335e-96,2803,very_weak,positive,,
SA_activity_rate,halogen_substituents,0.006645476857013021,0.7250776136977112,-0.032863526383116674,0.08192936859161883,2803,very_weak,positive,,
SA_activity_rate,lipinski_violations,0.1145737013058434,1.1776811468438408e-09,0.16659052192630686,6.805267548244267e-19,2803,very_weak,positive,,
SA_activity_rate,membrane_permeability_score,-0.022308058247547155,0.23772835749472002,-0.06349636154549639,0.0007693126576934588,2803,very_weak,negative,,
SA_activity_rate,flexibility_index,0.11972770040020624,2.0327658685750622e-10,0.2615070454620636,4.7178606378740455e-45,2803,very_weak,positive,,
SA_activity_rate,heteroatom_ratio,-0.004566064172833433,0.8090620397168179,0.03935891753865987,0.037190060991597634,2803,very_weak,negative,,
SA_activity_rate,aromatic_fraction,0.11372478762560877,1.5614760016691806e-09,0.14063898938150896,7.444524459007956e-14,2803,very_weak,positive,,
SA_activity_rate,structural_diversity_index,0.19403942915930456,3.4962037822465474e-25,0.3455671510683522,1.9481202996139838e-79,2803,very_weak,positive,,
EC_activity_rate,rank,0.3345154334230588,2.972094231669185e-74,0.5604690477636102,1.2301259992855341e-231,2803,weak,positive,,
EC_activity_rate,pathogen_count,,,,,2803,very_weak,negative,,
EC_activity_rate,total_tp_count,-0.07754257499104127,3.96134694291723e-05,-0.5095439384114602,4.2614392043816586e-185,2803,very_weak,negative,,
EC_activity_rate,total_tn_count,-0.12004454345407166,1.8201598111784672e-10,-0.8554947186813204,0.0,2803,very_weak,negative,,
EC_activity_rate,total_fp_count,,,,,2803,very_weak,negative,,
EC_activity_rate,total_fn_count,,,,,2803,very_weak,negative,,
EC_activity_rate,overall_avg_attribution,0.2633802803813858,1.0675902452530183e-45,0.3869556806750252,8.52558012212952e-101,2803,very_weak,positive,,
EC_activity_rate,overall_max_attribution,0.09914198315630779,1.4442339807635852e-07,0.026796128630906874,0.1561034559301262,2803,very_weak,positive,,
EC_activity_rate,SA_tp_count,-0.08197097769088842,1.3915046660135782e-05,-0.5403087694782669,2.9776546783755007e-212,2803,very_weak,negative,,
EC_activity_rate,SA_tn_count,-0.10042128960087536,9.944146973973754e-08,-0.6756064273736775,0.0,2803,very_weak,negative,,
EC_activity_rate,SA_total_count,-0.08400423004730243,8.453844678524178e-06,-0.5578300666779455,5.051969923924772e-229,2803,very_weak,negative,,
EC_activity_rate,EC_tp_count,-0.05925591212019783,0.0016977663549206873,-0.38825342976239574,1.618820037063331e-101,2803,very_weak,negative,,
EC_activity_rate,EC_tn_count,-0.15047927094679225,1.1567422304580445e-15,-0.9784516080689774,0.0,2803,very_weak,negative,,
EC_activity_rate,EC_total_count,-0.0735616942825223,9.693093775169873e-05,-0.5092829733057175,7.049608484131001e-185,2803,very_weak,negative,,
EC_activity_rate,CA_tp_count,-0.09056343856294835,1.5672366361174465e-06,-0.34939328733466335,2.7891432253569914e-81,2803,very_weak,negative,,
EC_activity_rate,CA_tn_count,-0.09909300676693203,1.464881842259432e-07,-0.6078214790582708,8.023208872944823e-283,2803,very_weak,negative,,
EC_activity_rate,CA_total_count,-0.09404871703310558,6.097798446221246e-07,-0.40797808936194446,6.830453949974448e-113,2803,very_weak,negative,,
EC_activity_rate,molecular_weight,0.38330166482611405,8.807440807312526e-99,0.5601788481985154,2.390569296034281e-231,2803,weak,positive,,
EC_activity_rate,logp,0.23418768844263071,3.1533883667047674e-36,0.3262811856029641,1.5809472233890658e-70,2803,very_weak,positive,,
EC_activity_rate,tpsa,0.2523071228694762,5.854829471153356e-42,0.3631628662354482,3.917363897664462e-88,2803,very_weak,positive,,
EC_activity_rate,num_hbd,0.1451806443684673,1.1284312623227604e-14,0.1583454123911121,3.373382801199937e-17,2803,very_weak,positive,,
EC_activity_rate,num_hba,0.30602926223423116,7.60911736029011e-62,0.44869596086445773,6.203793945155958e-139,2803,weak,positive,,
EC_activity_rate,num_rotatable_bonds,0.2991509861441857,4.766125534962933e-59,0.4615901752800426,5.962313174375212e-148,2803,very_weak,positive,,
EC_activity_rate,num_atoms,0.37347965899291474,1.7091355758885943e-93,0.5482241845425994,1.049206805204016e-219,2803,weak,positive,,
EC_activity_rate,num_heavy_atoms,0.37347965899291474,1.7091355758885943e-93,0.5482241845425994,1.049206805204016e-219,2803,weak,positive,,
EC_activity_rate,num_rings,0.32206075770912646,1.1594782147530284e-68,0.48570608448757135,6.838274421342014e-166,2803,weak,positive,,
EC_activity_rate,num_aromatic_rings,0.2906230261283407,1.0994726486618396e-55,0.41544816378856364,2.097222924424796e-117,2803,very_weak,positive,,
EC_activity_rate,num_aliphatic_rings,0.11060876065102795,4.3210087108844815e-09,0.1763263548795851,5.20671994573109e-21,2803,very_weak,positive,,
EC_activity_rate,num_heteroatoms,0.30953945676441935,2.65853873407025e-63,0.4515765115296869,6.48275045402562e-141,2803,weak,positive,,
EC_activity_rate,formal_charge,0.017582014690011097,0.3521082485995534,0.04442890828572281,0.018656300772649927,2803,very_weak,positive,,
EC_activity_rate,fraction_csp3,-0.10467079300119456,2.785427477870778e-08,-0.034742684597556306,0.06589615394124328,2803,very_weak,negative,,
EC_activity_rate,bertz_complexity,0.34277763782183984,4.148960507521124e-78,0.5247623107276927,3.516944578552627e-198,2803,weak,positive,,
EC_activity_rate,balaban_j,-0.29994655077804366,2.283231537500249e-59,-0.42931960417368054,4.283197365262588e-126,2803,very_weak,negative,,
EC_activity_rate,carbon_count,0.3352801616371242,1.3218415876765016e-74,0.4852184547217556,1.6298251944822248e-165,2803,weak,positive,,
EC_activity_rate,nitrogen_count,0.30058278990438037,1.265365295391996e-59,0.4243266905131602,6.408025021175057e-123,2803,weak,positive,,
EC_activity_rate,oxygen_count,0.008427454148416252,0.6556068574260022,0.033265970868116064,0.0782529203085945,2803,very_weak,positive,,
EC_activity_rate,sulfur_count,0.11706266619046146,5.089817133657119e-10,0.14211787499751757,4.0542986121042744e-14,2803,very_weak,positive,,
EC_activity_rate,halogen_count,-0.036495698066831186,0.053361129735813785,-0.06820791390804709,0.0003017945472825141,2803,very_weak,negative,,
EC_activity_rate,aromatic_carbocycles,0.24130281129864123,2.0178269292539194e-38,0.3325180533505091,2.44019223202884e-73,2803,very_weak,positive,,
EC_activity_rate,aromatic_heterocycles,0.08200101547504247,1.3814117763444233e-05,0.11538111650845675,8.988388274222352e-10,2803,very_weak,positive,,
EC_activity_rate,hydroxyl_groups,-0.016585247151635316,0.38008075189795915,-0.05928085564468835,0.0016901151438009797,2803,very_weak,negative,,
EC_activity_rate,carboxyl_groups,-0.002052653369745105,0.9134991221992265,-0.021269691803480578,0.26028653977321664,2803,very_weak,negative,,
EC_activity_rate,ester_groups,0.01715053307829367,0.3640532892417712,0.01050391885676149,0.5782928202025239,2803,very_weak,positive,,
EC_activity_rate,amide_groups,-0.020360003726047952,0.28123104773826524,-0.027252535870047296,0.1491711515782857,2803,very_weak,negative,,
EC_activity_rate,amine_groups,0.3005335969094922,1.3245194051037183e-59,0.4245138231755507,4.883055194842586e-123,2803,weak,positive,,
EC_activity_rate,halogen_substituents,-0.036495698066831186,0.053361129735813785,-0.06820791390804709,0.0003017945472825141,2803,very_weak,negative,,
EC_activity_rate,lipinski_violations,0.13362410250295048,1.218746260902076e-12,0.18246486723167907,2.0790481481648883e-22,2803,very_weak,positive,,
EC_activity_rate,membrane_permeability_score,-0.045045836207697525,0.01707795759516785,-0.06348640254733184,0.0007707873625722711,2803,very_weak,negative,,
EC_activity_rate,flexibility_index,0.20069280093286457,7.36296854775712e-27,0.30721338756563193,2.4669848194637006e-62,2803,very_weak,positive,,
EC_activity_rate,heteroatom_ratio,-0.011864337905582278,0.5300826161588558,0.02541596886295189,0.1785528967496321,2803,very_weak,negative,,
EC_activity_rate,aromatic_fraction,0.1469370677483806,5.352290783701521e-15,0.14960253818042005,1.6959182512937355e-15,2803,very_weak,positive,,
EC_activity_rate,structural_diversity_index,0.3104850069731063,1.0686379085100371e-63,0.4231022485833635,3.777380162853303e-122,2803,weak,positive,,
CA_activity_rate,rank,0.32109589243321174,3.0657292934819827e-68,0.5109170819734057,2.993261414540443e-186,2803,weak,positive,,
CA_activity_rate,pathogen_count,,,,,2803,very_weak,negative,,
CA_activity_rate,total_tp_count,-0.12171770138542383,1.0108351301680855e-10,-0.49457506114290406,7.358349200685161e-173,2803,very_weak,negative,,
CA_activity_rate,total_tn_count,-0.1400943318311096,9.296843797349292e-14,-0.7721766948504952,0.0,2803,very_weak,negative,,
CA_activity_rate,total_fp_count,,,,,2803,very_weak,negative,,
CA_activity_rate,total_fn_count,,,,,2803,very_weak,negative,,
CA_activity_rate,overall_avg_attribution,0.23960831834965052,6.822930622785411e-38,0.3297814047147073,4.257716312443309e-72,2803,very_weak,positive,,
CA_activity_rate,overall_max_attribution,0.06067197374154387,0.0013103353969399023,-0.019085045292918865,0.312462791967652,2803,very_weak,positive,,
CA_activity_rate,SA_tp_count,-0.12379689439968308,4.812856026001302e-11,-0.5224425299899326,3.8348489673913176e-196,2803,very_weak,negative,,
CA_activity_rate,SA_tn_count,-0.12453523117959214,3.686900297450103e-11,-0.5987325196098048,2.500480537555477e-272,2803,very_weak,negative,,
CA_activity_rate,SA_total_count,-0.12484073002164114,3.3004429418815044e-11,-0.5341550447726346,1.3556714411168117e-206,2803,very_weak,negative,,
CA_activity_rate,EC_tp_count,-0.12784053096432235,1.0968918490300795e-11,-0.40752651799044426,1.2693484070669095e-112,2803,very_weak,negative,,
CA_activity_rate,EC_tn_count,-0.1431138254510944,2.6829342843543796e-14,-0.6262478647481837,3.5623324216568525e-305,2803,very_weak,negative,,
CA_activity_rate,EC_total_count,-0.1322730839346415,2.0539552851455313e-12,-0.45852839784937166,8.950501638137766e-146,2803,very_weak,negative,,
CA_activity_rate,CA_tp_count,-0.09182272908182497,1.1186633978492277e-06,-0.3239582527876746,1.6954982332822516e-69,2803,very_weak,negative,,
CA_activity_rate,CA_tn_count,-0.15167261466382265,6.846577506958416e-16,-0.9861219507669154,0.0,2803,very_weak,negative,,
CA_activity_rate,CA_total_count,-0.10532705906067322,2.2781006137663503e-08,-0.4452230634925122,1.431078954909975e-136,2803,very_weak,negative,,
CA_activity_rate,molecular_weight,0.3704744586724612,6.523516870323889e-92,0.5138605953178128,9.67799589964798e-189,2803,weak,positive,,
CA_activity_rate,logp,0.20664291124204434,2.073016083310057e-28,0.2905347617135136,1.1895755475840965e-55,2803,very_weak,positive,,
CA_activity_rate,tpsa,0.25626495666672744,2.830836493360432e-43,0.3423305180207594,6.754425166123108e-78,2803,very_weak,positive,,
CA_activity_rate,num_hbd,0.1334470328926204,1.3054300573282112e-12,0.1621692745944763,5.660721942925977e-18,2803,very_weak,positive,,
CA_activity_rate,num_hba,0.3139691391220442,3.6121170499399615e-65,0.42681480142330824,1.7031226695865484e-124,2803,weak,positive,,
CA_activity_rate,num_rotatable_bonds,0.27652765379621524,2.2408294275998077e-50,0.414815692793584,5.107386941239397e-117,2803,very_weak,positive,,
CA_activity_rate,num_atoms,0.3567312648123703,6.856118345060923e-85,0.4968325336239433,1.1483644565836338e-174,2803,weak,positive,,
CA_activity_rate,num_heavy_atoms,0.3567312648123703,6.856118345060923e-85,0.4968325336239433,1.1483644565836338e-174,2803,weak,positive,,
CA_activity_rate,num_rings,0.3024493049044585,2.220653374809778e-60,0.43008897547618774,1.3732673338774194e-126,2803,weak,positive,,
CA_activity_rate,num_aromatic_rings,0.28011132884294193,1.070734532827045e-51,0.37115796528755396,2.858994165718956e-92,2803,very_weak,positive,,
CA_activity_rate,num_aliphatic_rings,0.0922567072763422,9.949283692910027e-07,0.1560277726044422,9.742754670095877e-17,2803,very_weak,positive,,
CA_activity_rate,num_heteroatoms,0.33023839632605084,2.6466801748657473e-72,0.4382453860887932,6.623087738417873e-132,2803,weak,positive,,
CA_activity_rate,formal_charge,0.044390440659953886,0.018758810423114905,0.05276035219874664,0.005205875135483296,2803,very_weak,positive,,
CA_activity_rate,fraction_csp3,-0.15863760317091025,2.947819070353293e-17,-0.07069622852642791,0.0001797379696573092,2803,very_weak,negative,,
CA_activity_rate,bertz_complexity,0.3342619193854352,3.88592098959598e-74,0.4805555469438035,6.142070249478148e-162,2803,weak,positive,,
CA_activity_rate,balaban_j,-0.23852555259320096,1.4787212399832177e-37,-0.3464469347284802,7.376519031652226e-80,2803,very_weak,negative,,
CA_activity_rate,carbon_count,0.31060510394513186,9.515971809386414e-64,0.4324779953179085,3.940720372297783e-128,2803,weak,positive,,
CA_activity_rate,nitrogen_count,0.29489142006030233,2.3567257473953895e-57,0.38326261238139053,9.252036426587334e-99,2803,very_weak,positive,,
CA_activity_rate,oxygen_count,0.03919906856535525,0.03796777097875609,0.05599113002369652,0.0030232600190060223,2803,very_weak,positive,,
CA_activity_rate,sulfur_count,0.11658512446014266,5.986843686305306e-10,0.1449006151588125,1.269861026930218e-14,2803,very_weak,positive,,
CA_activity_rate,halogen_count,0.019880447070451102,0.2927205118661379,-0.014524670587940266,0.4420818186407375,2803,very_weak,positive,,
CA_activity_rate,aromatic_carbocycles,0.23503603758537253,1.7418415737731344e-36,0.3025589007509453,2.0041624049042402e-60,2803,very_weak,positive,,
CA_activity_rate,aromatic_heterocycles,0.07003570541146714,0.0002065814920225748,0.1126660373041501,2.2134864313540095e-09,2803,very_weak,positive,,
CA_activity_rate,hydroxyl_groups,-0.03525895870470221,0.06197484906528469,-0.02700016512828144,0.1529747648748009,2803,very_weak,negative,,
CA_activity_rate,carboxyl_groups,-0.028607730795219995,0.12996906594350963,-0.027459620830071297,0.1461043055207159,2803,very_weak,negative,,
CA_activity_rate,ester_groups,0.008081882870814842,0.6688708508281569,0.0008064626108915993,0.965958370506245,2803,very_weak,positive,,
CA_activity_rate,amide_groups,-0.011374714877626105,0.5471964026147662,-0.0029194044175140893,0.8772198601323425,2803,very_weak,negative,,
CA_activity_rate,amine_groups,0.29503420479748904,2.0700733849989813e-57,0.3836314703546136,5.809126071496024e-99,2803,very_weak,positive,,
CA_activity_rate,halogen_substituents,0.019880447070451102,0.2927205118661379,-0.014524670587940266,0.4420818186407375,2803,very_weak,positive,,
CA_activity_rate,lipinski_violations,0.12212579848267623,8.746817379732487e-11,0.1610219145135353,9.715507039976426e-18,2803,very_weak,positive,,
CA_activity_rate,membrane_permeability_score,-0.06426457931452316,0.0006631325122462839,-0.06570951038898296,0.0004993713317820949,2803,very_weak,negative,,
CA_activity_rate,flexibility_index,0.1869161202200694,1.871661052751696e-23,0.2851266267499131,1.4064404349718201e-53,2803,very_weak,positive,,
CA_activity_rate,heteroatom_ratio,0.02725443504047738,0.14914280421144532,0.058936697910407815,0.001798534441257502,2803,very_weak,positive,,
CA_activity_rate,aromatic_fraction,0.17457911885950783,1.275125970543019e-20,0.15404491186268332,2.3836958169116636e-16,2803,very_weak,positive,,
CA_activity_rate,structural_diversity_index,0.266766221825142,7.056629626862707e-47,0.36542762117644567,2.7108567852056113e-89,2803,very_weak,positive,,
